<?xml version="1.0" encoding="utf-8"?>
<eac-cpf xmlns="urn:isbn:1-931666-33-4" xmlns:xlink="http://www.w3.org/1999/xlink">
  <control>
    <recordId>BE A4006 NA 000129</recordId>
    <conventionDeclaration>
      <abbreviation>conventionDeclaration</abbreviation>
    </conventionDeclaration>
    <localTypeDeclaration>
      <abbreviation>detailLevel</abbreviation>
      <citation>http://ica-atom.org/doc/RS-2#5.4</citation>
    </localTypeDeclaration>
  </control>
  <cpfDescription>
    <identity>
      <entityType>corporateBody</entityType>
      <nameEntry>
        <part>Conseil d'administration des Cliniques universitaires Saint-Luc</part>
        <authorizedForm>conventionDeclaration</authorizedForm>
      </nameEntry>
    </identity>
    <description>
        
        
        
        
        
        
        
        
        
              </description>
    <relations>
      <cpfRelation cpfRelationType="hierarchical" xlink:href="https://archives.uclouvain.be/atom/index.php/universite-catholique-de-louvain" xlink:type="simple">
        <relationEntry>Université catholique de Louvain</relationEntry>
      </cpfRelation>
      <cpfRelation cpfRelationType="hierarchical" xlink:href="https://archives.uclouvain.be/atom/index.php/cliniques-universitaires-saint-luc" xlink:type="simple">
        <relationEntry>Cliniques universitaires Saint-Luc</relationEntry>
      </cpfRelation>
      <resourceRelation resourceRelationType="creatorOf" xlink:href="https://archives.uclouvain.be/atom/index.php/conseil-dadministration-des-cliniques-universitaires-saint-luc-3" xlink:type="simple">
        <relationEntry>Conseil d'administration des Cliniques universitaires Saint-Luc</relationEntry>
      </resourceRelation>
      <functionRelation xlink:href="https://archives.uclouvain.be/atom/index.php/49n5-7apc-c8w8" xlink:type="simple">
        <relationEntry>Organe décisionnel ou consultatif de l'Université catholique de Louvain</relationEntry>
      </functionRelation>
    </relations>
  </cpfDescription>
</eac-cpf>
