<?xml version="1.0" encoding="utf-8"?>
<eac-cpf xmlns="urn:isbn:1-931666-33-4" xmlns:xlink="http://www.w3.org/1999/xlink">
  <control>
    <recordId>BE A4006 NA 000059</recordId>
    <conventionDeclaration>
      <abbreviation>conventionDeclaration</abbreviation>
    </conventionDeclaration>
    <localTypeDeclaration>
      <abbreviation>detailLevel</abbreviation>
      <citation>http://ica-atom.org/doc/RS-2#5.4</citation>
    </localTypeDeclaration>
    <localControl localType="detailLevel">
      <term>Élémentaire</term>
    </localControl>
  </control>
  <cpfDescription>
    <identity>
      <entityType>person</entityType>
      <nameEntry>
        <part>Cauchie, Alfred Henri Joseph</part>
        <authorizedForm>conventionDeclaration</authorizedForm>
      </nameEntry>
    </identity>
    <description>
      <existDates>
        <date>1860-1922</date>
      </existDates>
      <biogHist id="md5-493e4d952f5dd92e9eb221ec60a2cd90">
        <p>Alfred Cauchie (1860-1922), professeur (histoire) à l'Université catholique de Louvain.</p>
      </biogHist>
    </description>
    <relations>
      <cpfRelation cpfRelationType="hierarchical" xlink:href="https://archives.uclouvain.be/atom/index.php/universite-catholique-de-louvain" xlink:type="simple">
        <relationEntry>Université catholique de Louvain</relationEntry>
      </cpfRelation>
      <cpfRelation cpfRelationType="hierarchical" xlink:href="https://archives.uclouvain.be/atom/index.php/faculte-de-philosophie-et-lettres" xlink:type="simple">
        <relationEntry>Faculté de philosophie et lettres</relationEntry>
      </cpfRelation>
      <cpfRelation cpfRelationType="hierarchical" xlink:href="https://archives.uclouvain.be/atom/index.php/revue-dhistoire-ecclesiastique" xlink:type="simple">
        <relationEntry>Revue d'histoire ecclésiastique</relationEntry>
      </cpfRelation>
      <resourceRelation resourceRelationType="subjectOf" xlink:href="https://archives.uclouvain.be/atom/index.php/cauchie-alfred" xlink:type="simple">
        <relationEntry>Cauchie, Alfred.</relationEntry>
      </resourceRelation>
      <resourceRelation resourceRelationType="creatorOf" xlink:href="https://archives.uclouvain.be/atom/index.php/archives-dalfred-cauchie" xlink:type="simple">
        <relationEntry>Archives d'Alfred Cauchie</relationEntry>
      </resourceRelation>
    </relations>
  </cpfDescription>
</eac-cpf>
