<?xml version="1.0" encoding="utf-8"?>
<eac-cpf xmlns="urn:isbn:1-931666-33-4" xmlns:xlink="http://www.w3.org/1999/xlink">
  <control>
    <recordId>BE A4006 NA 000204</recordId>
    <conventionDeclaration>
      <abbreviation>conventionDeclaration</abbreviation>
    </conventionDeclaration>
    <localTypeDeclaration>
      <abbreviation>detailLevel</abbreviation>
      <citation>http://ica-atom.org/doc/RS-2#5.4</citation>
    </localTypeDeclaration>
  </control>
  <cpfDescription>
    <identity>
      <entityType>person</entityType>
      <nameEntry>
        <part>Dupriez, Léon</part>
        <authorizedForm>conventionDeclaration</authorizedForm>
      </nameEntry>
    </identity>
    <description>
      <existDates>
        <date>1863-1942</date>
      </existDates>
      <biogHist id="md5-5cc07875a25769772bbad6f1cf2b6207">
        <p>Léon Dupriez, professeur (droit romain) à l'Université catholique de Louvain.</p>
      </biogHist>
    </description>
    <relations>
      <cpfRelation cpfRelationType="hierarchical" xlink:href="https://archives.uclouvain.be/atom/index.php/universite-catholique-de-louvain" xlink:type="simple">
        <relationEntry>Université catholique de Louvain</relationEntry>
      </cpfRelation>
      <cpfRelation cpfRelationType="family" xlink:href="https://archives.uclouvain.be/atom/index.php/dupriez-leon-hugo" xlink:type="simple">
        <relationEntry>Dupriez, Léon Hugo</relationEntry>
      </cpfRelation>
      <cpfRelation cpfRelationType="hierarchical" xlink:href="https://archives.uclouvain.be/atom/index.php/ecole-des-sciences-politiques-et-sociales-1892-1964" xlink:type="simple">
        <relationEntry>École des sciences politiques et sociales (1892-1964)</relationEntry>
      </cpfRelation>
      <cpfRelation cpfRelationType="hierarchical" xlink:href="https://archives.uclouvain.be/atom/index.php/faculte-de-droit" xlink:type="simple">
        <relationEntry>Faculté de droit</relationEntry>
      </cpfRelation>
      <resourceRelation resourceRelationType="subjectOf" xlink:href="https://archives.uclouvain.be/atom/index.php/dupriez-leon-3" xlink:type="simple">
        <relationEntry>Dupriez, Léon.</relationEntry>
      </resourceRelation>
      <resourceRelation resourceRelationType="creatorOf" xlink:href="https://archives.uclouvain.be/atom/index.php/dupriez-leon-4" xlink:type="simple">
        <relationEntry>Dupriez, Léon</relationEntry>
      </resourceRelation>
    </relations>
  </cpfDescription>
</eac-cpf>
