<?xml version="1.0" encoding="utf-8"?>
<eac-cpf xmlns="urn:isbn:1-931666-33-4" xmlns:xlink="http://www.w3.org/1999/xlink">
  <control>
    <recordId>BE A4006 NA 000267</recordId>
    <conventionDeclaration>
      <abbreviation>conventionDeclaration</abbreviation>
      <citation>- ISAAR
- RDA-FR
- AFNOR NF Z 44-060
- AFNOR NF Z 44-061
- AFNOR NF Z 44-081</citation>
    </conventionDeclaration>
    <localTypeDeclaration>
      <abbreviation>detailLevel</abbreviation>
      <citation>http://ica-atom.org/doc/RS-2#5.4</citation>
    </localTypeDeclaration>
    <localControl localType="detailLevel">
      <term>Moyen</term>
    </localControl>
  </control>
  <cpfDescription>
    <identity>
      <entityType>person</entityType>
      <nameEntry>
        <part>Genicot, Léopold</part>
        <authorizedForm>conventionDeclaration</authorizedForm>
      </nameEntry>
    </identity>
    <description>
      <existDates>
        <date>1914-1995</date>
      </existDates>
      <place>
        <placeEntry>Naissance : Forville (Namur, Belgique)
Décès : Ottignies-Louvain-la-Neuve (Brabant wallon, Belgique)

Professeur (UCL) :
- Louvain (Brabant flamand, Belgique)
- puis Ottignies-Louvain-la-Neuve (Brabant wallon, Belgique)</placeEntry>
      </place>
      <function>
        <term>Archiviste paléographe
Professeur à l'Université catholique de Louvain
Politicien</term>
      </function>
      <occupation>
        <descriptiveNote>Archiviste paléographe
Professeur à l'Université catholique de Louvain
Politicien</descriptiveNote>
      </occupation>
      <biogHist id="md5-2423389930d906564ab6175aa6bdc3dc">
        <p>En 1935, il rend son mémoire « Les campagnes du Namurois au bas Moyen Age » et est reçu licencié en Histoire à l’Université catholique de Louvain. Un an plus tard, il termine également une licence spéciale en Économie politique. En 1938, il remet se thèse sur « La seigneurie foncière namuroise de 1199 à 1425 » et obtient son doctorat en 1943. Il devient agrégé de l’enseignement supérieur en 1943. Il est alors chargé de cours dès 1944 à l’Université catholique de Louvain, puis professeur à partir de 1947 jusqu’en 1984. En 1936, il est stagiaire aux Archives générales du Royaume à Bruxelles (de janvier à juin) et ensuite aux Archives de l’État à Namur (juin à décembre). En janvier 1937, il est alors nommé archiviste-paléographe aux Archives de l’État à Namur, jusqu’en 1944. Membre de Rénovation wallonne dès l’origine du mouvement. Directeur de la première Histoire de la Wallonie. Militant depuis 1944.</p>
      </biogHist>
    </description>
    <relations>
      <cpfRelation cpfRelationType="hierarchical" xlink:href="https://archives.uclouvain.be/atom/index.php/universite-catholique-de-louvain" xlink:type="simple">
        <relationEntry>Université catholique de Louvain</relationEntry>
      </cpfRelation>
      <cpfRelation cpfRelationType="family" xlink:href="https://archives.uclouvain.be/atom/index.php/genicot-luc-francis" xlink:type="simple">
        <relationEntry>Genicot, Luc Francis</relationEntry>
        <descriptiveNote>
          <p>Léopold est le père de Luc</p>
        </descriptiveNote>
      </cpfRelation>
      <cpfRelation cpfRelationType="hierarchical" xlink:href="https://archives.uclouvain.be/atom/index.php/centre-belge-dhistoire-rurale" xlink:type="simple">
        <relationEntry>Centre belge d'histoire rurale</relationEntry>
        <dateRange>
          <fromDate standardDate="1963">1963</fromDate>
          <toDate standardDate="1963">1963</toDate>
        </dateRange>
      </cpfRelation>
      <cpfRelation cpfRelationType="hierarchical" xlink:href="https://archives.uclouvain.be/atom/index.php/cercle-historique" xlink:type="simple">
        <relationEntry>Cercle historique</relationEntry>
        <descriptiveNote>
          <p>Membre fondateur</p>
        </descriptiveNote>
      </cpfRelation>
      <cpfRelation cpfRelationType="hierarchical" xlink:href="https://archives.uclouvain.be/atom/index.php/faculte-de-philosophie-et-lettres" xlink:type="simple">
        <relationEntry>Faculté de philosophie et lettres</relationEntry>
      </cpfRelation>
      <resourceRelation resourceRelationType="subjectOf" xlink:href="https://archives.uclouvain.be/atom/index.php/genicot-leopold-2" xlink:type="simple">
        <relationEntry>Genicot, Léopold</relationEntry>
      </resourceRelation>
      <resourceRelation resourceRelationType="subjectOf" xlink:href="https://archives.uclouvain.be/atom/index.php/archives-du-centre-dhistoire-de-larchitecture-et-du-batiment-en-wallonie" xlink:type="simple">
        <relationEntry>Archives du Centre d'histoire de l'architecture et du bâtiment en Wallonie</relationEntry>
      </resourceRelation>
      <resourceRelation resourceRelationType="creatorOf" xlink:href="https://archives.uclouvain.be/atom/index.php/archives-de-leopold-genicot" xlink:type="simple">
        <relationEntry>Archives de Léopold Genicot</relationEntry>
      </resourceRelation>
      <resourceRelation resourceRelationType="creatorOf" xlink:href="https://archives.uclouvain.be/atom/index.php/genicot-leopold-3" xlink:type="simple">
        <relationEntry>Genicot, Léopold</relationEntry>
      </resourceRelation>
    </relations>
  </cpfDescription>
</eac-cpf>
