<?xml version="1.0" encoding="utf-8"?>
<eac-cpf xmlns="urn:isbn:1-931666-33-4" xmlns:xlink="http://www.w3.org/1999/xlink">
  <control>
    <recordId>BE A4006 NA 001847</recordId>
    <conventionDeclaration>
      <abbreviation>conventionDeclaration</abbreviation>
    </conventionDeclaration>
    <localTypeDeclaration>
      <abbreviation>detailLevel</abbreviation>
      <citation>http://ica-atom.org/doc/RS-2#5.4</citation>
    </localTypeDeclaration>
  </control>
  <cpfDescription>
    <identity>
      <entityType>corporateBody</entityType>
      <nameEntry>
        <part>Louvain Coopération</part>
        <authorizedForm>conventionDeclaration</authorizedForm>
      </nameEntry>
      <nameEntry>
        <part>Louvain Coopération au Développement</part>
        <alternativeForm>conventionDeclaration</alternativeForm>
      </nameEntry>
      <nameEntry>
        <part>Fondation de Louvain pour la Coopération au Développement</part>
        <alternativeForm>conventionDeclaration</alternativeForm>
      </nameEntry>
      <nameEntry>
        <part>Louvain Développement</part>
        <alternativeForm>conventionDeclaration</alternativeForm>
      </nameEntry>
    </identity>
    <description>
      <existDates>
        <date>1981-</date>
      </existDates>
      <biogHist id="md5-519822f2eb3cd3466fcae33727436ed2">
        <p>Louvain Coopération est l'ONG universitaire liée à l'Université catholique de Louvain. Elle est issue de l'Association pour le développement par la recherche et l’action intégrée (ADRAI) créée en 1981 au sein de la Faculté des sciences agronomiques, devenue ensuite Louvain Développement (nom complet : Fondation de Louvain pour la Coopération au Développement) qui a fédéré d'autres associations (dont la FOMULAC).</p>
      </biogHist>
    </description>
    <relations>
      <cpfRelation cpfRelationType="associative" xlink:href="https://archives.uclouvain.be/atom/index.php/universite-catholique-de-louvain" xlink:type="simple">
        <relationEntry>Université catholique de Louvain</relationEntry>
      </cpfRelation>
      <resourceRelation resourceRelationType="creatorOf" xlink:href="https://archives.uclouvain.be/atom/index.php/archives-de-louvain-cooperation" xlink:type="simple">
        <relationEntry>Archives de Louvain Coopération</relationEntry>
      </resourceRelation>
    </relations>
  </cpfDescription>
</eac-cpf>
