<?xml version="1.0" encoding="utf-8"?>
<eac-cpf xmlns="urn:isbn:1-931666-33-4" xmlns:xlink="http://www.w3.org/1999/xlink">
  <control>
    <recordId>BE A4006 NA 000547</recordId>
    <conventionDeclaration>
      <abbreviation>conventionDeclaration</abbreviation>
      <citation>La notice d'autorité est conforme à la seconde édition de la "Norme internationale sur les notices d’autorité utilisées pour les Archives relatives aux collectivités, aux personnes ou aux familles" (ISAAR-CPF, 2011). La notice d'autorité a été encodée en XML EAC et respecte également les normes de catalogage suivantes : RDA-FR, AFNOR NF Z 44-060, AFNOR NF Z 44-061 et AFNOR NF Z 44-081.</citation>
    </conventionDeclaration>
    <localTypeDeclaration>
      <abbreviation>detailLevel</abbreviation>
      <citation>http://ica-atom.org/doc/RS-2#5.4</citation>
    </localTypeDeclaration>
    <localControl localType="detailLevel">
      <term>Moyen</term>
    </localControl>
    <sources>
      <source>
        <sourceEntry>- Albert d'Haenens (dir.), L'Université catholique de Louvain. Vie et mémoire d'une institution, Bruxelles, 1992.
- &lt;http://www.kaowarsom.be/documents/bbom/Tome_VIIa/Ladeuze_Paulin.pdf&gt; Consulté le 2016-12-19.
- Pierre DE BIE, "À Guy Malengreau", dans "Problèmes de l'enseignement et de déloppement en Afrique centrale. Recueil d’études en l’honneur de Guy Malengreau", Paris, R. Pichon et R. Durant-Auzias, 1975, pp. 9-12.
- Luc GILLON, "Servir. En actes et en vérité", Paris-Gembloux, Duculot, 1988.
- Guy MALENGREAU, "L’université Lovanium", Louvain, Éditions de l’UCL, 1954.
- Ruben MANTELS, "Geleerd in de tropen. Leuven, Congo &amp; de wetenschap, 1885-1960", Louvain, Universitaire Pers Leuven, 2007.
- Maurice PLEVOETS, "Lovanium, une œuvre de foi, dans La Faculté de médecine à Lovanium", Ama Contacts, 50, juin 2007, pp. 5-9.
- "Université Lovanium. 1957-1958", Léopoldville, Éditions de l’Université, 1957. Contient une bibliographie de la littérature qui accompagna la création de Lovanium.
- Gérard VAN DER SCHUEREN, "La naissance de l’Université Lovanium", dans "Problèmes de l’enseignement supérieur et de développement en Afrique centrale. Recueil d’études en l’honneur de Guy Malengreau", Paris, R. Pichon et R. Durant-Auzias, 1975, pp. 13-35.
- Romain YAKEMTCHOUK, "L’Université Lovanium et sa Faculté de théologie. L’action éducative de l’Université catholique de Louvain en Afrique centrale", Chastres, Bureau d’études en relations internationales, 1983.</sourceEntry>
      </source>
    </sources>
  </control>
  <cpfDescription>
    <identity>
      <entityType>corporateBody</entityType>
      <nameEntry>
        <part>Université Lovanium</part>
        <authorizedForm>conventionDeclaration</authorizedForm>
      </nameEntry>
    </identity>
    <description>
      <existDates>
        <date>1956-1971</date>
      </existDates>
      <place>
        <placeEntry>Kinshasa (Kinshasa, Congo)</placeEntry>
      </place>
      <mandate>
        <term>1956-02-03 : Arrêté royal transformant officiellement le Centre universitaire congolais Lovanium en Université Lovanium.</term>
      </mandate>
      <generalContext>
        <p>La fondation de l'AUCAM (Aide universitaire catholique aux missions) qui aboutit à la fondation à Kisantu, en 1932, de la CADULAC (Centre agronomique de l'Université de Louvain au Congo) et de la FOMULAC (Fondation médicale de l'Université de Louvain au Congo). Ces deux institutions, créées pour donner des cours adaptés aux Congolais, peuvent être considérées comme les éléments générateurs, près de vingt ans plus tard, de Lovanium, la première université ayant vu le jour au Congo.</p>
      </generalContext>
      <biogHist id="md5-a113a6cb21ca043182c87debc754a84f">
        <p>Le 21 février 1949, un arrêté royal accorde la personnalité civile au Centre universitaire congolais Lovanium. La décision d'installer cette dernière à Léopoldville est prise l'année suivante. En 1953, le chantier de la future université s'ouvre sur le plateau de Kimwenza. En janvier 1954, une première année pré-universitaire est organisée et le 12 octobre de la même année, la toute première année académique s'ouvre.
Le 3 février 1956, un arrêté royal transforme officiellement le Centre universitaire congolais Lovanium en Université Lovanium.
Le 2 juillet 1960, suite à l'indépendance du Congo, l'ancien Conseil d'administration transfère son pouvoir au nouveau siégeant au Congo.
En juin 1971, une loi zaïroise change le nom de Lovanium en Université de Kinshasa. Elle est intégrée, le 6 août 1971, à l'Université nationale du Zaïre. Aujourd'hui elle est connue sous le nom d'Université de Kinshasa.</p>
      </biogHist>
    </description>
    <relations>
      <cpfRelation cpfRelationType="hierarchical" xlink:href="https://archives.uclouvain.be/atom/index.php/mandy-paul" xlink:type="simple">
        <relationEntry>Mandy, Paul</relationEntry>
        <dateRange>
          <fromDate standardDate="1969">1969</fromDate>
          <toDate standardDate="1974">1974</toDate>
        </dateRange>
      </cpfRelation>
      <cpfRelation cpfRelationType="hierarchical" xlink:href="https://archives.uclouvain.be/atom/index.php/jadin-louis" xlink:type="simple">
        <relationEntry>Jadin, Louis</relationEntry>
        <date standardDate="1961">1961</date>
      </cpfRelation>
      <cpfRelation cpfRelationType="hierarchical" xlink:href="https://archives.uclouvain.be/atom/index.php/lambert-gabriel" xlink:type="simple">
        <relationEntry>Lambert, Gabriel</relationEntry>
      </cpfRelation>
      <cpfRelation cpfRelationType="hierarchical" xlink:href="https://archives.uclouvain.be/atom/index.php/deprit-andre" xlink:type="simple">
        <relationEntry>Deprit, André</relationEntry>
      </cpfRelation>
      <cpfRelation cpfRelationType="hierarchical" xlink:href="https://archives.uclouvain.be/atom/index.php/evrard-charles-marie" xlink:type="simple">
        <relationEntry>Evrard, Charles-Marie</relationEntry>
      </cpfRelation>
      <cpfRelation cpfRelationType="hierarchical" xlink:href="https://archives.uclouvain.be/atom/index.php/van-hove-charles" xlink:type="simple">
        <relationEntry>Van Hove, Charles</relationEntry>
      </cpfRelation>
      <cpfRelation cpfRelationType="hierarchical" xlink:href="https://archives.uclouvain.be/atom/index.php/piraux-marcel" xlink:type="simple">
        <relationEntry>Piraux, Marcel</relationEntry>
      </cpfRelation>
      <cpfRelation cpfRelationType="hierarchical" xlink:href="https://archives.uclouvain.be/atom/index.php/olivier-bernard" xlink:type="simple">
        <relationEntry>Olivier, Bernard</relationEntry>
      </cpfRelation>
      <cpfRelation cpfRelationType="hierarchical" xlink:href="https://archives.uclouvain.be/atom/index.php/bezy-fernand" xlink:type="simple">
        <relationEntry>Bézy, Fernand</relationEntry>
      </cpfRelation>
      <cpfRelation cpfRelationType="hierarchical" xlink:href="https://archives.uclouvain.be/atom/index.php/buchmann-jean" xlink:type="simple">
        <relationEntry>Buchmann, Jean</relationEntry>
      </cpfRelation>
      <cpfRelation cpfRelationType="hierarchical" xlink:href="https://archives.uclouvain.be/atom/index.php/bal-willy-2" xlink:type="simple">
        <relationEntry>Bal, Willy</relationEntry>
      </cpfRelation>
      <cpfRelation cpfRelationType="hierarchical" xlink:href="https://archives.uclouvain.be/atom/index.php/caprasse-paul" xlink:type="simple">
        <relationEntry>Caprasse, Paul</relationEntry>
      </cpfRelation>
      <cpfRelation cpfRelationType="hierarchical" xlink:href="https://archives.uclouvain.be/atom/index.php/van-bogaert-louis-jacques" xlink:type="simple">
        <relationEntry>Van Bogaert, Louis-Jacques</relationEntry>
      </cpfRelation>
      <cpfRelation cpfRelationType="hierarchical" xlink:href="https://archives.uclouvain.be/atom/index.php/van-bree-firmin" xlink:type="simple">
        <relationEntry>Van Bree, Firmin</relationEntry>
      </cpfRelation>
      <cpfRelation cpfRelationType="hierarchical" xlink:href="https://archives.uclouvain.be/atom/index.php/lejeune-abel" xlink:type="simple">
        <relationEntry>Lejeune, Abel</relationEntry>
      </cpfRelation>
      <cpfRelation cpfRelationType="hierarchical" xlink:href="https://archives.uclouvain.be/atom/index.php/haumont-stanislas" xlink:type="simple">
        <relationEntry>Haumont, Stanislas</relationEntry>
      </cpfRelation>
      <cpfRelation cpfRelationType="hierarchical" xlink:href="https://archives.uclouvain.be/atom/index.php/paquet-jacques" xlink:type="simple">
        <relationEntry>Paquet, Jacques</relationEntry>
      </cpfRelation>
      <cpfRelation cpfRelationType="hierarchical" xlink:href="https://archives.uclouvain.be/atom/index.php/sonnet-jean" xlink:type="simple">
        <relationEntry>Sonnet, Jean</relationEntry>
      </cpfRelation>
      <cpfRelation cpfRelationType="hierarchical" xlink:href="https://archives.uclouvain.be/atom/index.php/gillon-luc" xlink:type="simple">
        <relationEntry>Gillon, Luc</relationEntry>
        <descriptiveNote>
          <p>Recteur de l'Université Lovanium de 1954 à 1967.</p>
        </descriptiveNote>
      </cpfRelation>
      <cpfRelation cpfRelationType="hierarchical" xlink:href="https://archives.uclouvain.be/atom/index.php/malengreau-guy" xlink:type="simple">
        <relationEntry>Malengreau, Guy</relationEntry>
      </cpfRelation>
      <cpfRelation cpfRelationType="hierarchical" xlink:href="https://archives.uclouvain.be/atom/index.php/de-raeymaeker-louis" xlink:type="simple">
        <relationEntry>De Raeymaeker, Louis</relationEntry>
        <descriptiveNote>
          <p>Membre du Conseil d'administration.</p>
        </descriptiveNote>
      </cpfRelation>
      <cpfRelation cpfRelationType="hierarchical" xlink:href="https://archives.uclouvain.be/atom/index.php/van-waeyenbergh-honore" xlink:type="simple">
        <relationEntry>Van Waeyenbergh, Honoré</relationEntry>
        <descriptiveNote>
          <p>Président du Conseil d'administration.</p>
        </descriptiveNote>
      </cpfRelation>
      <cpfRelation cpfRelationType="hierarchical" xlink:href="https://archives.uclouvain.be/atom/index.php/opsomer-joseph-e" xlink:type="simple">
        <relationEntry>Opsomer, Joseph E.</relationEntry>
      </cpfRelation>
      <cpfRelation cpfRelationType="temporal-earlier" xlink:href="https://archives.uclouvain.be/atom/index.php/centre-universitaire-congolais-lovanium" xlink:type="simple">
        <relationEntry>Centre universitaire congolais Lovanium</relationEntry>
        <descriptiveNote>
          <p>Le 3 février 1956, un Arrêté royal transforme officiellement le Centre universitaire congolais Lovanium en Université Lovanium.</p>
        </descriptiveNote>
      </cpfRelation>
      <cpfRelation cpfRelationType="temporal-earlier" xlink:href="https://archives.uclouvain.be/atom/index.php/universite-nationale-du-zaire" xlink:type="simple">
        <relationEntry>Université nationale du Zaïre</relationEntry>
      </cpfRelation>
      <cpfRelation cpfRelationType="hierarchical" xlink:href="https://archives.uclouvain.be/atom/index.php/vander-perre-adolphe" xlink:type="simple">
        <relationEntry>Vander Perre, Adolphe</relationEntry>
        <dateRange>
          <fromDate standardDate="1957">1957</fromDate>
          <toDate standardDate="1961">1961</toDate>
        </dateRange>
        <descriptiveNote>
          <p>Il est Vice-recteur</p>
        </descriptiveNote>
      </cpfRelation>
      <cpfRelation cpfRelationType="hierarchical" xlink:href="https://archives.uclouvain.be/atom/index.php/yakemtchouk-romain-2" xlink:type="simple">
        <relationEntry>Yakemtchouk, Romain</relationEntry>
      </cpfRelation>
      <resourceRelation resourceRelationType="subjectOf" xlink:href="https://archives.uclouvain.be/atom/index.php/lovanium-1958" xlink:type="simple">
        <relationEntry>Lovanium.</relationEntry>
      </resourceRelation>
      <resourceRelation resourceRelationType="subjectOf" xlink:href="https://archives.uclouvain.be/atom/index.php/archives-de-luc-gillon" xlink:type="simple">
        <relationEntry>Archives de Luc Gillon</relationEntry>
      </resourceRelation>
      <resourceRelation resourceRelationType="subjectOf" xlink:href="https://archives.uclouvain.be/atom/index.php/enseignement-a-luniversite-lovanium-de-kinshasa" xlink:type="simple">
        <relationEntry>Enseignement à l'Université Lovanium de Kinshasa</relationEntry>
      </resourceRelation>
      <resourceRelation resourceRelationType="subjectOf" xlink:href="https://archives.uclouvain.be/atom/index.php/archives-de-michel-verwilghen" xlink:type="simple">
        <relationEntry>Archives de Michel Verwilghen</relationEntry>
      </resourceRelation>
      <resourceRelation resourceRelationType="subjectOf" xlink:href="https://archives.uclouvain.be/atom/index.php/archives-de-fernand-et-guy-malengreau-concernant-la-fomulac-la-cadulac-le-centre-universitaire-congolais-lovanium-luniversite-lovanium-et-la-fondation-universite-lovanium" xlink:type="simple">
        <relationEntry>Archives de Fernand et Guy Malengreau concernant la FOMULAC, la CADULAC, le Centre universitaire congolais Lovanium, l'Université Lovanium et la Fondation Université Lovanium</relationEntry>
      </resourceRelation>
      <resourceRelation resourceRelationType="subjectOf" xlink:href="https://archives.uclouvain.be/atom/index.php/archives-de-joseph-opsomer" xlink:type="simple">
        <relationEntry>Archives de Joseph Opsomer</relationEntry>
      </resourceRelation>
      <resourceRelation resourceRelationType="subjectOf" xlink:href="https://archives.uclouvain.be/atom/index.php/archives-de-gabriel-lambert" xlink:type="simple">
        <relationEntry>Archives de Gabriel Lambert</relationEntry>
      </resourceRelation>
      <resourceRelation resourceRelationType="subjectOf" xlink:href="https://archives.uclouvain.be/atom/index.php/elements-de-mecanique-rationnelle-livre-i-geometrie" xlink:type="simple">
        <relationEntry>Éléments de mécanique rationnelle. Livre I : géométrie</relationEntry>
      </resourceRelation>
      <resourceRelation resourceRelationType="subjectOf" xlink:href="https://archives.uclouvain.be/atom/index.php/archives-de-louis-jadin" xlink:type="simple">
        <relationEntry>Archives de Louis Jadin</relationEntry>
      </resourceRelation>
      <resourceRelation resourceRelationType="subjectOf" xlink:href="https://archives.uclouvain.be/atom/index.php/archives-dadolphe-vander-perre" xlink:type="simple">
        <relationEntry>Archives d'Adolphe Vander Perre</relationEntry>
      </resourceRelation>
      <resourceRelation resourceRelationType="subjectOf" xlink:href="https://archives.uclouvain.be/atom/index.php/archives-de-louis-de-raeymaeker" xlink:type="simple">
        <relationEntry>Archives de Louis De Raeymaeker</relationEntry>
      </resourceRelation>
      <resourceRelation resourceRelationType="subjectOf" xlink:href="https://archives.uclouvain.be/atom/index.php/archives-de-justin-mossay" xlink:type="simple">
        <relationEntry>Archives de Justin Mossay</relationEntry>
      </resourceRelation>
      <resourceRelation resourceRelationType="subjectOf" xlink:href="https://archives.uclouvain.be/atom/index.php/archives-de-jacques-hanot" xlink:type="simple">
        <relationEntry>Archives de Jacques Hanot</relationEntry>
      </resourceRelation>
      <resourceRelation resourceRelationType="creatorOf" xlink:href="https://archives.uclouvain.be/atom/index.php/fanion-de-luniversite-lovanium-2" xlink:type="simple">
        <relationEntry>Fanion de l'Université Lovanium.</relationEntry>
      </resourceRelation>
      <resourceRelation resourceRelationType="creatorOf" xlink:href="https://archives.uclouvain.be/atom/index.php/fanion-du-club-de-tennis-sur-gazon-de-luniversite-lovanium-2" xlink:type="simple">
        <relationEntry>Fanion du Club de tennis sur gazon de l'Université Lovanium.</relationEntry>
      </resourceRelation>
      <resourceRelation resourceRelationType="creatorOf" xlink:href="https://archives.uclouvain.be/atom/index.php/archives-du-departement-de-criminologie-de-la-faculte-de-droit-de-luniversite-lovanium" xlink:type="simple">
        <relationEntry>Archives du Département de criminologie de la Faculté de droit de l'Université Lovanium et de l'Université nationale du Zaïre</relationEntry>
      </resourceRelation>
      <resourceRelation resourceRelationType="creatorOf" xlink:href="https://archives.uclouvain.be/atom/index.php/dossiers-du-personnel-de-luniversite-lovanium" xlink:type="simple">
        <relationEntry>Dossiers du personnel de l'Université Lovanium</relationEntry>
      </resourceRelation>
    </relations>
  </cpfDescription>
</eac-cpf>
