<?xml version="1.0" encoding="utf-8"?>
<eac-cpf xmlns="urn:isbn:1-931666-33-4" xmlns:xlink="http://www.w3.org/1999/xlink">
  <control>
    <recordId>BE A4006 NA 000400</recordId>
    <conventionDeclaration>
      <abbreviation>conventionDeclaration</abbreviation>
      <citation>- ISAAR (CPF)
- RDA-FR
- AFNOR NF Z44-060
- AFNOR NF Z44-061
- AFNOR NF Z44-081</citation>
    </conventionDeclaration>
    <localTypeDeclaration>
      <abbreviation>detailLevel</abbreviation>
      <citation>http://ica-atom.org/doc/RS-2#5.4</citation>
    </localTypeDeclaration>
    <localControl localType="detailLevel">
      <term>Élémentaire</term>
    </localControl>
    <sources>
      <source>
        <sourceEntry>Marcel Crochet (dir.), Pierre Macq dans son université, Louvain-la-Neuve : Academia, 2017.</sourceEntry>
      </source>
    </sources>
  </control>
  <cpfDescription>
    <identity>
      <entityType>person</entityType>
      <nameEntry>
        <part>Macq, Pierre</part>
        <authorizedForm>conventionDeclaration</authorizedForm>
      </nameEntry>
    </identity>
    <description>
      <existDates>
        <date>1930-2013</date>
      </existDates>
      <biogHist id="md5-70057dc493dbc3aaa4c7d6ceef73e24b">
        <p>Docteur en physique (sciences nucléaires), Pierre Macq développa une carrière scientifique à l’Université de Californie à Berkeley, à Saclay en France, au CERN à Genève et au Cyclotron de l’UCL à Louvain-la-Neuve dont il coordonna la création à la fin des années 1960. Ses travaux lui valurent plusieurs reconnaissances scientifiques et, en particulier, le Prix Francqui en 1973.
Relayant son maître le Professeur Marc de Hemptinne, il devint professeur à la Faculté des sciences, puis doyen, et finalement recteur de 1986 à 1995, premier laïc à exercer cette charge à l’UCL.
Il consacra la première année de son éméritat à enseigner la physique à Madagascar.</p>
      </biogHist>
    </description>
    <relations>
      <cpfRelation cpfRelationType="hierarchical" xlink:href="https://archives.uclouvain.be/atom/index.php/universite-catholique-de-louvain" xlink:type="simple">
        <relationEntry>Université catholique de Louvain</relationEntry>
      </cpfRelation>
      <cpfRelation cpfRelationType="hierarchical-parent" xlink:href="https://archives.uclouvain.be/atom/index.php/nothomb-simon-pierre-jules-marie-jacques" xlink:type="simple">
        <relationEntry>Nothomb, Simon-Pierre</relationEntry>
      </cpfRelation>
      <cpfRelation cpfRelationType="hierarchical" xlink:href="https://archives.uclouvain.be/atom/index.php/faculte-des-sciences" xlink:type="simple">
        <relationEntry>Faculté des sciences</relationEntry>
      </cpfRelation>
      <cpfRelation cpfRelationType="hierarchical" xlink:href="https://archives.uclouvain.be/atom/index.php/centre-detudes-bioethiques" xlink:type="simple">
        <relationEntry>Centre d'études bioéthiques</relationEntry>
      </cpfRelation>
      <resourceRelation resourceRelationType="subjectOf" xlink:href="https://archives.uclouvain.be/atom/index.php/promotion-de-medecine-en-1986-1987" xlink:type="simple">
        <relationEntry>Promotion de médecine en 1986-1987</relationEntry>
      </resourceRelation>
      <resourceRelation resourceRelationType="subjectOf" xlink:href="https://archives.uclouvain.be/atom/index.php/promotion-de-medecine-en-1987-1988" xlink:type="simple">
        <relationEntry>Promotion de médecine en 1987-1988</relationEntry>
      </resourceRelation>
      <resourceRelation resourceRelationType="subjectOf" xlink:href="https://archives.uclouvain.be/atom/index.php/promotion-de-medecine-en-1988-1989" xlink:type="simple">
        <relationEntry>Promotion de médecine en 1988-1989</relationEntry>
      </resourceRelation>
      <resourceRelation resourceRelationType="subjectOf" xlink:href="https://archives.uclouvain.be/atom/index.php/promotion-de-medecine-en-1986-1988" xlink:type="simple">
        <relationEntry>Promotion de médecine en 1986-1987</relationEntry>
      </resourceRelation>
      <resourceRelation resourceRelationType="subjectOf" xlink:href="https://archives.uclouvain.be/atom/index.php/promotion-de-medecine-en-1987-1989" xlink:type="simple">
        <relationEntry>Promotion de médecine en 1987-1988</relationEntry>
      </resourceRelation>
      <resourceRelation resourceRelationType="subjectOf" xlink:href="https://archives.uclouvain.be/atom/index.php/promotion-de-medecine-en-1988-1990" xlink:type="simple">
        <relationEntry>Promotion de médecine en 1988-1989</relationEntry>
      </resourceRelation>
      <resourceRelation resourceRelationType="subjectOf" xlink:href="https://archives.uclouvain.be/atom/index.php/promotion-de-medecine-en-1989-1990" xlink:type="simple">
        <relationEntry>Promotion de médecine en 1989-1990</relationEntry>
      </resourceRelation>
      <resourceRelation resourceRelationType="subjectOf" xlink:href="https://archives.uclouvain.be/atom/index.php/promotion-de-medecine-en-1990-1991" xlink:type="simple">
        <relationEntry>Promotion de médecine en 1990-1991</relationEntry>
      </resourceRelation>
      <resourceRelation resourceRelationType="subjectOf" xlink:href="https://archives.uclouvain.be/atom/index.php/promotion-de-medecine-en-1991-1992" xlink:type="simple">
        <relationEntry>Promotion de médecine en 1991-1992</relationEntry>
      </resourceRelation>
      <resourceRelation resourceRelationType="subjectOf" xlink:href="https://archives.uclouvain.be/atom/index.php/promotion-de-medecine-en-1992-1993" xlink:type="simple">
        <relationEntry>Promotion de médecine en 1992-1993</relationEntry>
      </resourceRelation>
      <resourceRelation resourceRelationType="subjectOf" xlink:href="https://archives.uclouvain.be/atom/index.php/promotion-de-medecine-en-1993-1994" xlink:type="simple">
        <relationEntry>Promotion de médecine en 1993-1994</relationEntry>
      </resourceRelation>
      <resourceRelation resourceRelationType="subjectOf" xlink:href="https://archives.uclouvain.be/atom/index.php/promotion-de-medecine-en-1994-1995" xlink:type="simple">
        <relationEntry>Promotion de médecine en 1994-1995</relationEntry>
      </resourceRelation>
      <resourceRelation resourceRelationType="subjectOf" xlink:href="https://archives.uclouvain.be/atom/index.php/macq-pierre-3" xlink:type="simple">
        <relationEntry>Macq, Pierre.</relationEntry>
      </resourceRelation>
      <resourceRelation resourceRelationType="subjectOf" xlink:href="https://archives.uclouvain.be/atom/index.php/dossier-prof-macq-recteur-ucl-contenant-de-la-correspondance-et-des-coupures-de-presse" xlink:type="simple">
        <relationEntry>Dossier « Prof. Macq – Recteur UCL » contenant de la correspondance et des coupures de presse.</relationEntry>
      </resourceRelation>
      <resourceRelation resourceRelationType="subjectOf" xlink:href="https://archives.uclouvain.be/atom/index.php/correspondance-avec-les-recteurs-mgr-massaux-p-macq-2" xlink:type="simple">
        <relationEntry>Correspondance avec les recteurs.</relationEntry>
      </resourceRelation>
      <functionRelation xlink:href="https://archives.uclouvain.be/atom/index.php/prqp-64fw-77cc" xlink:type="simple">
        <relationEntry>Recteur de l'Université catholique de Louvain</relationEntry>
        <dateRange>
          <fromDate standardDate="1986">1986</fromDate>
          <toDate standardDate="1995">1995</toDate>
        </dateRange>
      </functionRelation>
    </relations>
  </cpfDescription>
</eac-cpf>
