<?xml version="1.0" encoding="utf-8"?>
<eac-cpf xmlns="urn:isbn:1-931666-33-4" xmlns:xlink="http://www.w3.org/1999/xlink">
  <control>
    <recordId>BE A4006 NA 000406</recordId>
    <conventionDeclaration>
      <abbreviation>conventionDeclaration</abbreviation>
    </conventionDeclaration>
    <localTypeDeclaration>
      <abbreviation>detailLevel</abbreviation>
      <citation>http://ica-atom.org/doc/RS-2#5.4</citation>
    </localTypeDeclaration>
    <localControl localType="detailLevel">
      <term>Moyen</term>
    </localControl>
  </control>
  <cpfDescription>
    <identity>
      <entityType>person</entityType>
      <nameEntry>
        <part>Malengreau, Guy</part>
        <authorizedForm>conventionDeclaration</authorizedForm>
      </nameEntry>
    </identity>
    <description>
      <existDates>
        <date>1911-2002</date>
      </existDates>
      <function>
        <term>- 1947 à 1983 : professeur à la faculté de droit, puis à la faculté des sciences économiques, sociales et politiques de l’Université Catholique de Louvain
- 1947 à 1960 : secrétaire général de l’université Lovanium à Léopoldville
- 1960 à 1967 : membre du Conseil d'administration de Lovanium
- 1961 à 1963 : secrétaire général et administrateur général de l’Université catholique de Louvain
- 1971 à 1974 : membre du Conseil d'administration de l’Université Nationale du Zaïre - UNAZA</term>
      </function>
      <occupation>
        <descriptiveNote>- 1947 à 1983 : professeur à la faculté de droit, puis à la faculté des sciences économiques, sociales et politiques de l’Université Catholique de Louvain
- 1947 à 1960 : secrétaire général de l’université Lovanium à Léopoldville
- 1960 à 1967 : membre du Conseil d'administration de Lovanium
- 1961 à 1963 : secrétaire général et administrateur général de l’Université catholique de Louvain
- 1971 à 1974 : membre du Conseil d'administration de l’Université Nationale du Zaïre - UNAZA</descriptiveNote>
      </occupation>
      <biogHist id="md5-7e39d406c406a41b1a315e4b409c5bad">
        <p>Fils de Fernand Malengreau, Guy Malengreau est docteur en droit (1933) et en sciences historiques (1937) de l’Université catholique de Louvain
Il s’engagea pour l’émancipation intellectuelle du Congo dès sa première nomination à Louvain en 1945 en lançant le projet d’une école supérieure des sciences administratives et commerciales qui préparerait les Congolais à assumer diverses fonctions dans l’administration de la colonie. Cette école s’ouvrit, non sans difficultés, à Kisantu en 1947.
Il participa activement au développement de l’Université Lovanium, où il exerça les responsabilités de Secrétaire général de l'Université de 1947 à 1960, puis comme membre du Conseil d'Administration de l’Université Lovanium de 1960 à 1967 et  membre du Conseil d'Administration de l’Université nationale du Zaïre de 1971 à 1974.
Il dirigea les revues Zaïre (1947-1962) et Cultures et développement (1962-1978) et fut associé à de multiples organismes et commissions belges orientés vers l’Afrique.</p>
      </biogHist>
    </description>
    <relations>
      <cpfRelation cpfRelationType="hierarchical" xlink:href="https://archives.uclouvain.be/atom/index.php/universite-catholique-de-louvain" xlink:type="simple">
        <relationEntry>Université catholique de Louvain</relationEntry>
      </cpfRelation>
      <cpfRelation cpfRelationType="hierarchical" xlink:href="https://archives.uclouvain.be/atom/index.php/centre-universitaire-congolais-lovanium" xlink:type="simple">
        <relationEntry>Centre universitaire congolais Lovanium</relationEntry>
      </cpfRelation>
      <cpfRelation cpfRelationType="hierarchical" xlink:href="https://archives.uclouvain.be/atom/index.php/universite-lovanium" xlink:type="simple">
        <relationEntry>Université Lovanium</relationEntry>
      </cpfRelation>
      <cpfRelation cpfRelationType="hierarchical-child" xlink:href="https://archives.uclouvain.be/atom/index.php/lecointre-aime" xlink:type="simple">
        <relationEntry>Lecointre, Aimé</relationEntry>
        <dateRange>
          <fromDate standardDate="1951">1951</fromDate>
          <toDate standardDate="1978">1978</toDate>
        </dateRange>
      </cpfRelation>
      <cpfRelation cpfRelationType="associative" xlink:href="https://archives.uclouvain.be/atom/index.php/gillon-luc" xlink:type="simple">
        <relationEntry>Gillon, Luc</relationEntry>
        <dateRange>
          <fromDate standardDate="1954">1954</fromDate>
          <toDate standardDate="1967">1967</toDate>
        </dateRange>
        <descriptiveNote>
          <p>Malengreau fut Administrateur de Lovanium durant le rectorat de Luc Gillon</p>
        </descriptiveNote>
      </cpfRelation>
      <cpfRelation cpfRelationType="associative" xlink:href="https://archives.uclouvain.be/atom/index.php/yakemtchouk-romain-2" xlink:type="simple">
        <relationEntry>Yakemtchouk, Romain</relationEntry>
      </cpfRelation>
      <cpfRelation cpfRelationType="family" xlink:href="https://archives.uclouvain.be/atom/index.php/malengreau-fernand" xlink:type="simple">
        <relationEntry>Malengreau, Fernand</relationEntry>
      </cpfRelation>
      <cpfRelation cpfRelationType="hierarchical" xlink:href="https://archives.uclouvain.be/atom/index.php/cultures-et-developpement" xlink:type="simple">
        <relationEntry>Cultures et Développement</relationEntry>
        <dateRange>
          <fromDate standardDate="1968">1968</fromDate>
          <toDate standardDate="1978">1978</toDate>
        </dateRange>
      </cpfRelation>
      <cpfRelation cpfRelationType="hierarchical" xlink:href="https://archives.uclouvain.be/atom/index.php/faculte-des-sciences-economiques-sociales-et-politiques" xlink:type="simple">
        <relationEntry>Faculté des sciences économiques, sociales et politiques</relationEntry>
      </cpfRelation>
      <cpfRelation cpfRelationType="hierarchical" xlink:href="https://archives.uclouvain.be/atom/index.php/conseil-du-tiers-monde" xlink:type="simple">
        <relationEntry>Conseil du Tiers-Monde</relationEntry>
        <descriptiveNote>
          <p>vice-président du CTM</p>
        </descriptiveNote>
      </cpfRelation>
      <cpfRelation cpfRelationType="hierarchical" xlink:href="https://archives.uclouvain.be/atom/index.php/faculte-de-droit" xlink:type="simple">
        <relationEntry>Faculté de droit</relationEntry>
      </cpfRelation>
      <resourceRelation resourceRelationType="subjectOf" xlink:href="https://archives.uclouvain.be/atom/index.php/archives-de-luc-gillon" xlink:type="simple">
        <relationEntry>Archives de Luc Gillon</relationEntry>
      </resourceRelation>
      <resourceRelation resourceRelationType="subjectOf" xlink:href="https://archives.uclouvain.be/atom/index.php/archives-de-joseph-opsomer" xlink:type="simple">
        <relationEntry>Archives de Joseph Opsomer</relationEntry>
      </resourceRelation>
      <resourceRelation resourceRelationType="creatorOf" xlink:href="https://archives.uclouvain.be/atom/index.php/archives-de-guy-malengreau" xlink:type="simple">
        <relationEntry>Archives de Guy Malengreau</relationEntry>
      </resourceRelation>
      <resourceRelation resourceRelationType="creatorOf" xlink:href="https://archives.uclouvain.be/atom/index.php/papiers-de-guy-malengreau-2" xlink:type="simple">
        <relationEntry>Papiers de Guy Malengreau</relationEntry>
      </resourceRelation>
      <resourceRelation resourceRelationType="creatorOf" xlink:href="https://archives.uclouvain.be/atom/index.php/archives-de-fernand-et-guy-malengreau-concernant-la-fomulac-la-cadulac-le-centre-universitaire-congolais-lovanium-luniversite-lovanium-et-la-fondation-universite-lovanium" xlink:type="simple">
        <relationEntry>Archives de Fernand et Guy Malengreau concernant la FOMULAC, la CADULAC, le Centre universitaire congolais Lovanium, l'Université Lovanium et la Fondation Université Lovanium</relationEntry>
      </resourceRelation>
    </relations>
  </cpfDescription>
</eac-cpf>
