<?xml version="1.0" encoding="utf-8"?>
<eac-cpf xmlns="urn:isbn:1-931666-33-4" xmlns:xlink="http://www.w3.org/1999/xlink">
  <control>
    <recordId>BE A4006 NA 000433</recordId>
    <conventionDeclaration>
      <abbreviation>conventionDeclaration</abbreviation>
      <citation>La notice d'autorité est conforme à la seconde édition de la "Norme internationale sur les notices d’autorité utilisées pour les Archives relatives aux collectivités, aux personnes ou aux familles" (ISAAR-CPF, 2011). La notice d'autorité a été encodée en XML EAC et respecte également les normes de catalogage suivantes : RDA-FR, AFNOR NF Z 44-060, AFNOR NF Z 44-061 et AFNOR NF Z 44-081.</citation>
    </conventionDeclaration>
    <localTypeDeclaration>
      <abbreviation>detailLevel</abbreviation>
      <citation>http://ica-atom.org/doc/RS-2#5.4</citation>
    </localTypeDeclaration>
    <localControl localType="detailLevel">
      <term>Complet</term>
    </localControl>
    <sources>
      <source>
        <sourceEntry>La notice d'autorité a été rédigée et encodée en XML EAC par l'archiviste Cathy Schoukens.</sourceEntry>
      </source>
    </sources>
  </control>
  <cpfDescription>
    <identity>
      <entityType>person</entityType>
      <nameEntry>
        <part>Nothomb, Simon-Pierre</part>
        <authorizedForm>conventionDeclaration</authorizedForm>
      </nameEntry>
    </identity>
    <description>
      <existDates>
        <date>1933-2012</date>
      </existDates>
      <biogHist id="md5-7748d0b1124a753a6280522bd583464c">
        <p>Simon-Pierre (Jules Marie Jacques) Nothomb était le douzième des treize enfants du sénateur belge Pierre Nothomb.
Il épousa en 1960 la comtesse Dominique d'Aspremont Lynden de Maillen.
Il fit des études universitaires (en sciences politiques et sociales) à Paris et  à Louvain.
Il a eu une carrière très variée. Il fut entre autres :
<list><item>conseiller et attaché de presse au cabinet du ministre du Commerce extérieur Maurice Brasseur</item><item>attaché aux services du prince Albert de Belgique</item><item>secrétaire général adjoint de l'Agence de la francophonie</item><item>directeur général au ministère de la Culture</item><item>secrétaire général du Comité économique et social de l'Union européenne (1992-1996).</item></list>
A l'Université (de 1965 à 1975, et de 1982 à 1992), il fut d'abord actif lors des premières années de la construction de l'UCL à Ottignies (étant lui-même habitant de Habay-la-Neuve, il proposa l'idée de nommer la nouvelle ville «Louvain-la-Neuve »),  Il fut directeur du Service des relations extérieures (REUL) de l'Université, conseiller des recteurs aux affaires francophones et internationales (DEFI) et fondateur du « Groupe de Coïmbra » (rassemblement de 40 universités de par le monde). Il fut nommé docteur honoris causa de l'université de Coimbra le 3 juin 2005.
Il a fondé le Cercle Richelieu Senghor . Il fut aussi conseiller du violoniste Yehudi Menuhin, critique gastronomique et oenologique, ou encore fondateur de l'« Académie du parler bruxellois » et administrateur des Amis de l'université du Luxembourg.
À l'âge de la retraite, il fut secrétaire-général de l'Union francophone des Belges à l'étranger. Il fonda et s'investit beaucoup dans la Fondation Europe Corée. Il se préoccupa également du sort des Palestiniens (cf. sa carte blanche publiée dans Le Soir à la suite d'une mission d'observation à Gaza).</p>
      </biogHist>
    </description>
    <relations>
      <cpfRelation cpfRelationType="hierarchical" xlink:href="https://archives.uclouvain.be/atom/index.php/universite-catholique-de-louvain" xlink:type="simple">
        <relationEntry>Université catholique de Louvain</relationEntry>
      </cpfRelation>
      <cpfRelation cpfRelationType="hierarchical-parent" xlink:href="https://archives.uclouvain.be/atom/index.php/massaux-edouard" xlink:type="simple">
        <relationEntry>Massaux, Édouard</relationEntry>
      </cpfRelation>
      <cpfRelation cpfRelationType="hierarchical-parent" xlink:href="https://archives.uclouvain.be/atom/index.php/descamps-albert" xlink:type="simple">
        <relationEntry>Descamps, Albert</relationEntry>
      </cpfRelation>
      <cpfRelation cpfRelationType="hierarchical-parent" xlink:href="https://archives.uclouvain.be/atom/index.php/macq-pierre" xlink:type="simple">
        <relationEntry>Macq, Pierre</relationEntry>
      </cpfRelation>
      <cpfRelation cpfRelationType="hierarchical" xlink:href="https://archives.uclouvain.be/atom/index.php/conseil-du-tiers-monde" xlink:type="simple">
        <relationEntry>Conseil du Tiers-Monde</relationEntry>
        <descriptiveNote>
          <p>représentant et Directeur du Service es relations extérieures</p>
        </descriptiveNote>
      </cpfRelation>
      <cpfRelation cpfRelationType="hierarchical" xlink:href="https://archives.uclouvain.be/atom/index.php/woitrin-michel" xlink:type="simple">
        <relationEntry>Woitrin, Michel</relationEntry>
      </cpfRelation>
      <cpfRelation cpfRelationType="hierarchical" xlink:href="https://archives.uclouvain.be/atom/index.php/service-des-relations-exterieures" xlink:type="simple">
        <relationEntry>Service des relations extérieures</relationEntry>
      </cpfRelation>
      <cpfRelation cpfRelationType="hierarchical" xlink:href="https://archives.uclouvain.be/atom/index.php/fondation-woitrin-2" xlink:type="simple">
        <relationEntry>Fondation Woitrin</relationEntry>
      </cpfRelation>
      <cpfRelation cpfRelationType="hierarchical" xlink:href="https://archives.uclouvain.be/atom/index.php/fondation-saint-luc-3" xlink:type="simple">
        <relationEntry>Fondation Saint-Luc</relationEntry>
      </cpfRelation>
      <resourceRelation resourceRelationType="creatorOf" xlink:href="https://archives.uclouvain.be/atom/index.php/archives-du-cabinet-de-maurice-brasseur-ministre-du-commerce-exterieur-et-de-lassistance-technique" xlink:type="simple">
        <relationEntry>Archives du cabinet de Maurice Brasseur, ministre du Commerce extérieur et de l’Assistance technique</relationEntry>
      </resourceRelation>
      <resourceRelation resourceRelationType="creatorOf" xlink:href="https://archives.uclouvain.be/atom/index.php/archives-de-simon-pierre-nothomb" xlink:type="simple">
        <relationEntry>Archives de Simon-Pierre Nothomb</relationEntry>
      </resourceRelation>
    </relations>
  </cpfDescription>
</eac-cpf>
